Rk,Player,School,Year,Pos,Pos Rk,HT,WT,,
1,Fernando Mendoza,Indiana,Jr,QB,1,5-Jun,225,,
2,Rueben Bain Jr.,Miami (Fla.),Jr,EDGE,1,3-Jun,270,,
3,Arvell Reese,Ohio State,Jr,EDGE,2,4-Jun,243,,
4,Kadyn Proctor,Alabama,Jr,OT,1,7-Jun,366,,
5,Spencer Fano,Utah,Jr,OT,2,6-Jun,308,,
6,Jordyn Tyson,Arizona St.,Jr,WR,1,2-Jun,200,,
7,Caleb Downs,Ohio State,Jr,S,1,Jun-00,205,,
8,Carnell Tate,Ohio State,Jr,WR,2,3-Jun,195,,
9,Jermod McCoy,Tennessee,Jr,CB,1,Jun-00,193,,
10,Sonny Styles,Ohio State,Sr,LB,1,5-Jun,243,,
11,Avieon Terrell,Clemson,Jr,CB,2,11-May,180,,
12,Mansoor Delane,LSU,Sr,CB,3,Jun-00,190,,
13,Peter Woods,Clemson,Jr,DL,1,3-Jun,310,,
14,Caleb Lomu,Utah,Soph,OT,3,6-Jun,308,,
15,Olaivavega Ioane,Penn State,Jr,IOL,1,4-Jun,323,,
16,Jeremiyah Love,Notre Dame,Jr,RB,1,Jun-00,214,,
17,Omar Cooper Jr.,Indiana,Jr,WR,3,Jun-00,204,,
18,Makai Lemon,USC,Jr,WR,4,11-May,195,,
19,David Bailey,Texas Tech,Sr,EDGE,3,3-Jun,250,,
20,Francis Mauigoa,Miami (Fla.),Jr,OT,4,6-Jun,335,,
21,Lee Hunter,Texas Tech,Sr,DL,2,4-Jun,330,,
22,Blake Miller,Clemson,Sr,OT,5,6-Jun,315,,
23,Max Iheanachor,Arizona St.,Sr,OT,6,6-Jun,330,,
24,Cashius Howell,Texas A&M,Sr,EDGE,4,2-Jun,248,,
25,Kayden McDonald,Ohio State,Jr,DL,3,3-Jun,326,,
26,Akheem Mesidor,Miami (Fla.),Sr,DL,4,3-Jun,265,,
27,Keldric Faulk,Auburn,Jr,EDGE,5,6-Jun,285,,
28,Emmanuel McNeil-Warren,Toledo,Sr,S,2,2-Jun,202,,
29,Kenyon Sadiq,Oregon,Jr,TE,1,3-Jun,245,,
30,Anthony Hill Jr.,Texas,Jr,LB,2,3-Jun,238,,
31,KC Concepcion,Texas A&M,Jr,WR,5,11-May,190,,
32,Jake Golday,Cincinnati,Sr,LB,3,4-Jun,240,,
33,Ty Simpson,Alabama,Jr,QB,2,2-Jun,208,,
34,Denzel Boston,Washington,Jr,WR,6,4-Jun,210,,
35,Dillon Thieneman,Oregon,Soph,S,3,Jun-00,207,,
36,Josiah Trotter,Missouri,Soph,LB,4,2-Jun,237,,
37,Colton Hood,Tennessee,Soph,CB,4,Jun-00,195,,
38,CJ Allen,Georgia,Jr,LB,5,1-Jun,235,,
39,Christen Miller,Georgia,Jr,DL,5,4-Jun,310,,
40,Keith Abney II,Arizona St.,Jr,CB,5,Jun-00,190,,
41,R Mason Thomas,Oklahoma,Sr,DL,6,2-Jun,249,,
42,Connor Lew,Auburn,Jr,IOL,2,3-Jun,303,,
43,Chris Johnson,San Diego St.,Sr,CB,6,Jun-00,195,,
44,Germie Bernard,Alabama,Sr,WR,7,1-Jun,204,,
45,Trey Zuhn III,Texas A&M,Sr,IOL,3,6-Jun,319,,
46,Caleb Banks,Florida,Sr,DL,7,5-Jun,330,,
47,D'Angelo Ponds,Indiana,Jr,CB,7,9-May,173,,
48,Brenen Thompson,Miss. State,Sr,WR,8,9-May,170,,
49,T.J. Parker,Clemson,Jr,EDGE,6,3-Jun,260,,
50,Chase Bisontis,Texas A&M,Jr,IOL,4,5-Jun,315,,
51,Emmanuel Pregnon,Oregon,Sr,IOL,5,5-Jun,318,,
52,Monroe Freeling,Georgia,Jr,OT,7,7-Jun,315,,
53,Keionte Scott,Miami (Fla.),Sr,S,4,Jun-00,195,,
54,Anthony Lucas,USC,Sr,EDGE,7,5-Jun,285,,
55,Kyle Louis,Pittsburgh,Jr,LB,6,1-Jun,220,,
56,Genesis Smith,Arizona,Jr,S,5,2-Jun,204,,
57,Jadarian Price,Notre Dame,Jr,RB,2,11-May,210,,
58,Malachi Lawrence,UCF,Sr,LB,7,4-Jun,260,,
59,Zachariah Branch,Georgia,Jr,WR,9,10-May,180,,
60,Caleb Tiernan,Northwestern,Sr,OT,8,7-Jun,325,,
61,Brandon Cisse,South Carolina,Jr,CB,8,Jun-00,190,,
62,Chris Brazzell II,Tennessee,Jr,WR,10,5-Jun,200,,
63,A.J. Haulcy,LSU,Sr,S,6,Jun-00,222,,
64,Malachi Fields,Notre Dame,Sr,WR,11,4-Jun,222,,
65,Jaishawn Barham,Michigan,Sr,LB,8,3-Jun,243,,
66,Gabe Jacas,Illinois,Sr,EDGE,8,3-Jun,270,,
67,Michael Trigg,Baylor,Sr,TE,2,4-Jun,240,,
68,Eli Stowers,Vanderbilt,Sr,TE,3,4-Jun,235,,
69,Eric McAlister,TCU,Sr,WR,12,3-Jun,205,,
70,Kage Casey,Boise St.,Jr,IOL,6,5-Jun,311,,
71,Treydan Stukes,Arizona,Sr,CB,9,2-Jun,200,,
72,Chris McClellan,Missouri,Sr,DL,8,4-Jun,323,,
73,Joshua Josephs,Tennessee,Sr,EDGE,9,3-Jun,240,,
74,Devin Moore,Florida,Sr,DB,1,2-Jun,198,,
75,Carver Willis,Washington,Sr,IOL,7,5-Jun,312,,
76,Zion Young,Missouri,Sr,EDGE,10,5-Jun,262,,
77,Romello Height,Texas Tech,Sr,EDGE,11,3-Jun,240,,
78,Gennings Dunker,Iowa,Sr,IOL,8,5-Jun,315,,
79,Julian Neal,Arkansas,Sr,CB,10,2-Jun,208,,
80,Rayshaun Benny,Michigan,Sr,DL,9,4-Jun,305,,
81,Antonio Williams,Clemson,Jr,WR,13,11-May,190,,
82,Elijah Sarratt,Indiana,Sr,WR,14,2-Jun,213,,
83,Jacob Rodriguez,Texas Tech,Sr,LB,9,1-Jun,235,,
84,Nate Boerkircher,Texas A&M,Sr,TE,4,4-Jun,250,,
85,Billy Schrauth,Notre Dame,Jr,OL,1,4-Jun,310,,
86,Austin Barber,Florida,Sr,OT,9,6-Jun,314,,
87,Domonique Orange,Iowa St.,Sr,DL,10,4-Jun,325,,
88,Max Klare,Ohio State,Jr,TE,5,5-Jun,243,,
89,Keyron Crawford,Auburn,Sr,LB,10,4-Jun,255,,
90,Alex Harkey,Oregon,Sr,IOL,9,6-Jun,327,,
91,Dontay Corleone,Cincinnati,Sr,DL,11,1-Jun,335,,
92,Ethan Burke,Texas,Sr,EDGE,12,6-Jun,259,,
93,Cole Payton,N. Dakota St.,Sr,QB,3,3-Jun,233,,
94,Nick Barrett,South Carolina,Sr,DL,12,3-Jun,322,,
95,Zakee Wheatley,Penn State,Sr,S,7,2-Jun,202,,
96,Kamari Ramsey,USC,Jr,S,8,Jun-00,205,,
97,Parker Brailsford,Alabama,Jr,IOL,10,2-Jun,290,,
98,Derrick Moore,Michigan,Sr,LB,11,3-Jun,260,,
99,Will Lee III,Texas A&M,Sr,CB,11,1-Jun,189,,
100,Garrett Nussmeier,LSU,Sr,QB,4,1-Jun,205,,
101,Keylan Rutledge,Georgia Tech,Sr,IOL,11,4-Jun,330,,
102,Chris Bell,Louisville,Sr,WR,15,2-Jun,220,,
103,Darrell Jackson Jr.,Florida State,Sr,DL,13,5-Jun,337,,
104,Josh Cuevas,Alabama,Sr,TE,6,3-Jun,256,,
105,Dani Dennis-Sutton,Penn State,Sr,EDGE,13,5-Jun,265,,
106,Kevin Coleman Jr.,Missouri,Sr,WR,16,11-May,180,,
107,Jack Endries,Texas,Jr,TE,7,4-Jun,236,,
108,Fa'alili Fa'amoe,Wake Forest,Sr,OL,2,5-Jun,317,,
109,Keagen Trost,Missouri,Sr,IOL,12,4-Jun,316,,
110,Malik Muhammad,Texas,Jr,CB,12,Jun-00,188,,
111,LT Overton,Alabama,Sr,DL,14,5-Jun,278,,
112,Nadame Tucker,W. Michigan,Sr,DE,1,3-Jun,250,,
113,Kaleb Proctor,SE Louisiana,Sr,DL,15,3-Jun,280,,
114,Lance Mason,Wisconsin,Sr,TE,8,4-Jun,250,,
115,Jake Slaughter,Florida,Sr,IOL,13,4-Jun,303,,
116,Clay Patterson,Stanford,Sr,DL,16,3-Jun,280,,
117,Aamil Wagner,Notre Dame,Jr,OT,10,6-Jun,300,,
118,Eric Rivers,Georgia Tech,Sr,WR,17,11-May,180,,
119,Brian Parker II,Duke,Jr,IOL,14,5-Jun,305,,
120,Jager Burton,Kentucky,Sr,OL,3,4-Jun,323,,
121,Jordan van den Berg,Georgia Tech,Sr,DL,17,3-Jun,310,,
122,Brent Austin,California,Sr,CB,13,11-May,180,,
123,Kaytron Allen,Penn State,Sr,RB,3,11-May,219,,
124,Eli Raridon,Notre Dame,Sr,TE,9,7-Jun,252,,
125,Jonah Coleman,Washington,Sr,RB,4,9-May,220,,
126,Tyreak Sapp,Florida,Sr,LB,12,2-Jun,274,,
127,Will Kacmarek,Ohio State,Sr,TE,10,6-Jun,258,,
128,Matt Gulbin,Michigan St.,Sr,IOL,15,4-Jun,312,,
129,Jude Bowry,Boston College,Jr,OT,11,5-Jun,311,,
130,J.C. Davis,Illinois,Sr,OT,12,5-Jun,335,,
131,Drew Shelton,Penn State,Sr,OT,13,5-Jun,308,,
132,Cade Klubnik,Clemson,Sr,QB,5,2-Jun,210,,
133,Davison Igbinosun,Ohio State,Sr,CB,14,2-Jun,195,,
134,Chris Adams,Memphis,Sr,IOL,16,5-Jun,277,,
135,Tim Keenan III,Alabama,Sr,DL,18,2-Jun,320,,
136,Josh Cameron,Baylor,Sr,WR,18,1-Jun,224,,
137,Logan Jones,Iowa,Sr,IOL,17,3-Jun,302,,
138,Lander Barton,Utah,Sr,LB,13,5-Jun,240,,
139,Oscar Delp,Georgia,Sr,TE,11,5-Jun,245,,
140,Vinny Anthony II,Wisconsin,Sr,WR,19,Jun-00,190,,
141,Joe Royer,Cincinnati,Sr,TE,12,5-Jun,250,,
142,Demond Claiborne,Wake Forest,Sr,RB,5,10-May,195,,
143,Harold Perkins Jr.,LSU,Jr,LB,14,1-Jun,222,,
144,Daylen Everette,Georgia,Sr,CB,15,1-Jun,190,,
145,Chandler Rivers,Duke,Sr,CB,16,10-May,185,,
146,Wesley Williams,Duke,Jr,EDGE,14,3-Jun,265,,
147,Ar'maj Reed-Adams,Texas A&M,Sr,IOL,18,5-Jun,325,,
148,Robert Spears-Jennings,Oklahoma,Sr,S,9,Jun-00,213,,
149,DeVonta Smith,Notre Dame,Sr,CB,17,11-May,195,,
150,Zxavian Harris,Ole Miss,Sr,DL,19,8-Jun,330,,
151,Markel Bell,Miami (Fla.),Sr,OL,4,9-Jun,345,,
152,Arion Carter,Tennessee,Jr,LB,15,1-Jun,235,,
153,Red Murdock,Buffalo,Sr,LB,16,1-Jun,240,,
154,Devon Marshall,NC State,Sr,CB,18,11-May,200,,
155,Skyler Bell,UConn,Sr,WR,20,Jun-00,185,,
156,Ted Hurst,Georgia St.,Sr,WR,21,3-Jun,195,,
157,Jeff Caldwell,Cincinnati,Sr,WR,22,5-Jun,215,,
158,Jalen Farmer,Kentucky,Jr,OL,5,5-Jun,318,,
159,Pat Coogan,Indiana,Sr,OL,6,5-Jun,311,,
160,Dallen Bentley,Utah,Sr,TE,13,4-Jun,259,,
161,Cian Slone,NC State,Sr,LB,17,4-Jun,252,,
162,Emmett Johnson,Nebraska,Jr,RB,6,11-May,200,,
163,Caden Curry,Ohio State,Sr,EDGE,15,3-Jun,260,,
164,Bryce Lance,N. Dakota St.,Sr,WR,23,3-Jun,209,,
165,Bakyne Coly,Purdue,Sr,OL,7,7-Jun,300,,
166,Reggie Virgil,Texas Tech,Sr,WR,24,3-Jun,190,,
167,Drew Allar,Penn State,Sr,QB,6,5-Jun,235,,
168,Ja'Kobi Lane,USC,Jr,WR,25,4-Jun,200,,
169,Skyler Gill-Howard,Texas Tech,Sr,DL,20,1-Jun,290,,
170,Isaiah World,Oregon,Sr,OT,14,8-Jun,318,,
171,Travis Burke,Memphis,Sr,OT,15,9-Jun,315,,
172,Marlin Klein,Michigan,Sr,TE,14,6-Jun,250,,
173,Deion Burks,Oklahoma,Sr,WR,26,9-May,188,,
174,Gracen Halton,Oklahoma,Sr,DL,21,2-Jun,292,,
175,Keyshaun Elliott,Arizona St.,Sr,LB,18,2-Jun,235,,
176,Justin Joly,NC State,Sr,TE,15,3-Jun,263,,
177,DeMonte Capehart,Clemson,Sr,DL,22,5-Jun,315,,
178,Deontae Lawson,Alabama,Sr,LB,19,2-Jun,228,,
179,Bud Clark,TCU,Sr,S,10,2-Jun,190,,
180,Beau Stephens,Iowa,Sr,OL,8,5-Jun,315,,
181,Bryce Boettcher,Oregon,Sr,LB,20,2-Jun,232,,
182,Mike Washington Jr.,Arkansas,Sr,RB,7,2-Jun,228,,
183,Barion Brown,LSU,Sr,WR,27,11-May,185,,
184,Seth McGowan,Kentucky,Sr,RB,8,1-Jun,215,,
185,Hezekiah Masses,California,Sr,DB,2,1-Jun,185,,
186,Bishop Fitzgerald,USC,Sr,S,11,11-May,205,,
187,Aaron Anderson,LSU,Jr,WR,28,8-May,188,,
188,Sam Roush,Stanford,Sr,TE,16,5-Jun,260,,
189,Robert Henry Jr.,UTSA,Sr,RB,9,9-May,205,,
190,Albert Regis,Texas A&M,Sr,DT,1,1-Jun,317,,
191,Dametrious Crownover,Texas A&M,Sr,OL,9,7-Jun,336,,
192,Dae'Quan Wright,Ole Miss,Sr,TE,17,4-Jun,255,,
193,VJ Payne,Kansas State,Sr,S,12,3-Jun,208,,
194,Tyren Montgomery,John Carroll,Jr,WR,29,1-Jun,185,,
195,Taurean York,Texas A&M,Jr,LB,21,10-May,227,,
196,Michael Taaffe,Texas,Sr,DB,3,Jun-00,189,,
197,Zavion Thomas,LSU,Sr,WR,30,10-May,192,,
198,Nicholas Singleton,Penn State,Sr,RB,10,Jun-00,224,,
199,Carson Beck,Miami (Fla.),Sr,QB,7,4-Jun,225,,
200,Tyler Onyedim,Texas A&M,Sr,DT,2,3-Jun,295,,
201,TJ Hall,Iowa,Sr,DB,4,Jun-00,190,,
202,Jimmy Rolder,Michigan,Sr,LB,22,2-Jun,240,,
203,Sam Hecht,Kansas State,Sr,OL,10,4-Jun,300,,
204,Louis Moore,Indiana,Sr,DB,5,11-May,200,,
205,Bryson Eason,Tennessee,Sr,DL,23,3-Jun,315,,
206,Aiden Fisher,Indiana,Sr,LB,23,1-Jun,231,,
207,Domani Jackson,Alabama,Sr,DB,6,1-Jun,196,,
208,Tacario Davis,Washington,Sr,CB,19,4-Jun,200,,
209,Behren Morton,Texas Tech,Sr,QB,8,2-Jun,210,,
210,Quintayvious Hutchins,Boston College,Sr,DL,24,3-Jun,240,,
211,J. Michael Sturdivant,Florida,Sr,WR,31,2-Jun,213,,
212,Tanner Koziol,Houston,Sr,TE,18,7-Jun,250,,
213,Trey Moore,Texas,Sr,LB,24,3-Jun,249,,
214,Vincent Anthony Jr.,Duke,Sr,DE,2,6-Jun,260,,
215,Brandon Cleveland,NC State,Sr,DT,3,4-Jun,315,,
216,Lorenzo Styles Jr.,Ohio State,Sr,CB,20,1-Jun,195,,
217,Logan Taylor,Boston College,Sr,OL,11,7-Jun,312,,
218,Wade Woodaz,Clemson,Sr,LB,25,4-Jun,235,,
219,Logan Fano,Utah,Jr,DE,3,5-Jun,260,,
220,Sawyer Robertson,Baylor,Sr,QB,9,4-Jun,220,,
221,Le'Veon Moss,Texas A&M,Sr,RB,11,11-May,210,,
222,Kendrick Law,Kentucky,Sr,WR,32,Jun-00,205,,
223,Thaddeus Dixon,North Carolina,Sr,DB,7,1-Jun,195,,
224,Chase Roberts,BYU,Sr,WR,33,4-Jun,210,,
225,David Gusta,Kentucky,Sr,DL,25,3-Jun,317,,
226,Max Llewellyn,Iowa,Sr,DL,26,5-Jun,263,,
227,George Gumbs Jr.,Florida,Sr,LB,26,4-Jun,250,,
228,Zane Durant,Penn State,Sr,DT,4,1-Jun,287,,
229,Jam Miller,Alabama,Sr,RB,12,10-May,221,,
230,Patrick Payton,LSU,Sr,DE,4,6-Jun,255,,
231,Jakobe Thomas,Miami (Fla.),Sr,DB,8,2-Jun,200,,
232,John Michael Gyllenborg,Wyoming,Sr,TE,19,5-Jun,251,,
233,Desmond Reid,Pittsburgh,Sr,RB,13,8-May,175,,
234,CJ Daniels,Miami (Fla.),Sr,WR,34,2-Jun,205,,
235,Eli Heidenreich,Navy,Sr,RB,14,Jun-00,206,,
236,Jack Kelly,BYU,Sr,LB,27,2-Jun,242,,
237,Damonic Williams,Oklahoma,Sr,DL,27,1-Jun,323,,
238,Jeremiah Wright,Auburn,Sr,OL,12,5-Jun,348,,
239,Jalon Kilgore,South Carolina,Jr,DB,9,1-Jun,211,,
240,Ephesians Prysock,Washington,Sr,CB,21,4-Jun,195,,
241,Diego Pounds,Ole Miss,Sr,OL,13,6-Jun,335,,
242,Gary Smith III,UCLA,Sr,DL,28,2-Jun,340,,
243,Alan Herron,Maryland,Sr,OL,14,6-Jun,320,,
244,Fernando Carmona,Arkansas,Sr,OL,15,5-Jun,325,,
245,DJ Campbell,Texas,Sr,OL,16,3-Jun,321,,
246,Kaleb Elarms-Orr,TCU,Sr,LB,28,2-Jun,230,,
247,Xavier Nwankpa,Iowa,Sr,DB,10,2-Jun,213,,
248,Evan Beerntsen,Northwestern,Sr,OL,17,4-Jun,310,,
249,De'Zhaun Stribling,Ole Miss,Sr,WR,35,2-Jun,210,,
250,DeShon Singleton,Nebraska,Sr,DB,11,3-Jun,210,,
251,Garrett DiGiorgio,UCLA,Sr,OL,18,7-Jun,320,,
252,Scooby Williams,Texas A&M,Sr,LB,29,2-Jun,230,,
253,Aidan Hubbard,Northwestern,Sr,DL,29,4-Jun,255,,
254,Harrison Wallace III,Ole Miss,Sr,WR,36,1-Jun,200,,
255,Jack Pyburn,LSU,Sr,DE,5,4-Jun,264,,
256,J'Mari Taylor,Virginia,Sr,RB,15,9-May,204,,
257,Roman Hemby,Indiana,Sr,RB,16,Jun-00,210,,
258,Justin Jefferson,Alabama,Sr,LB,30,1-Jun,227,,
259,Anez Cooper,Miami (Fla.),Sr,OL,19,6-Jun,345,,
260,Rahsul Faison,South Carolina,Sr,RB,17,Jun-00,218,,
261,Xavian Sorey Jr.,Arkansas,Sr,LB,31,3-Jun,225,,
262,Joshua Braun,Kentucky,Sr,OL,20,6-Jun,342,,
263,Cameron Ball,Arkansas,Sr,DL,30,5-Jun,323,,
264,Kaden Wetjen,Iowa,Sr,WR,37,9-May,196,,
265,Namdi Obiazor,TCU,Sr,LB,32,3-Jun,230,,
266,Luke Altmyer,Illinois,Sr,QB,10,2-Jun,215,,
267,Jaeden Roberts,Alabama,Sr,OL,21,5-Jun,327,,
268,Owen Heinecke,Oklahoma,Jr,LB,33,1-Jun,227,,
269,Jalen Huskey,Maryland,Sr,DB,12,2-Jun,201,,
270,Miles Kitselman,Tennessee,Sr,TE,20,5-Jun,255,,
271,Caullin Lacy,Louisville,Sr,WR,38,10-May,190,,
272,Taylen Green,Arkansas,Sr,QB,11,6-Jun,235,,
273,Colbie Young,Georgia,Sr,WR,39,4-Jun,215,,
274,Bauer Sharp,LSU,Sr,TE,21,5-Jun,246,,
275,Marvin Jones Jr.,Oklahoma,Sr,DL,31,5-Jun,262,,
276,Matthew Hibner,SMU,Sr,TE,22,5-Jun,252,,
277,Caleb Douglas,Texas Tech,Sr,WR,40,4-Jun,205,,
278,Jalen Walthall,Incarnate Word,Sr,WR,41,2-Jun,180,,
279,Jordan Hudson,SMU,Sr,WR,42,1-Jun,200,,
280,DJ Rogers,TCU,Sr,TE,23,4-Jun,250,,
281,Donaven McCulley,Michigan,Sr,WR,43,5-Jun,215,,
282,Bobby Jamison-Travis,Auburn,Sr,DL,32,4-Jun,322,,
283,Dillon Bell,Georgia,Sr,WR,44,1-Jun,210,,
284,Charles Demmings,S.F. Austin,Sr,CB,22,1-Jun,190,,
285,Deven Eastern,Minnesota,Sr,DL,33,6-Jun,320,,
286,Jalon Daniels,Kansas,Sr,QB,12,Jun-00,220,,
287,Kendal Daniels,Oklahoma,Sr,LB,34,5-Jun,242,,
288,Diego Pavia,Vanderbilt,Sr,QB,13,Jun-00,207,,
289,Max Bredeson,Michigan,Sr,TE,24,2-Jun,250,,
290,Adam Randall,Clemson,Sr,RB,18,2-Jun,235,,
291,CJ Donaldson,Ohio State,Sr,RB,19,2-Jun,232,,
292,Noah Whittington,Oregon,Sr,RB,20,8-May,203,,
293,Emmanuel Henderson Jr.,Kansas,Sr,WR,45,1-Jun,190,,
294,Jaylon Guilbeau,Texas,Sr,DB,13,Jun-00,183,,
295,Andre Fuller,Toledo,Sr,CB,23,2-Jun,202,,
296,Jadon Canady,Oregon,Sr,DB,14,11-May,185,,
297,Collin Wright,Stanford,Sr,CB,24,Jun-00,195,,
298,Toriano Pride Jr.,Missouri,Sr,CB,25,11-May,188,,
299,Nyjalik Kelly,UCF,Sr,LB,35,5-Jun,265,,
300,Ahmaad Moses,SMU,Sr,S,13,10-May,205,,
301,Dalton Johnson,Arizona,Sr,DB,15,11-May,198,,
302,Ahmari Harvey,Georgia Tech,Sr,DB,16,Jun-00,195,,
303,Lake McRee,USC,Sr,TE,25,4-Jun,250,,
304,Eric Gentry,USC,Sr,LB,36,6-Jun,225,,
305,Latrell McCutchin Sr.,Houston,Sr,DB,17,1-Jun,185,,
306,Dillon Wade,Auburn,Sr,OL,22,4-Jun,315,,
307,Karson Sharar,Iowa,Sr,LB,37,2-Jun,235,,
308,Wesley Bissainthe,Miami (Fla.),Sr,LB,38,1-Jun,230,,
309,Avery Smith,Toledo,Sr,CB,26,10-May,185,,
310,Riley Nowakowski,Indiana,Sr,TE,26,1-Jun,249,,
311,RJ Maryland,SMU,Sr,TE,27,4-Jun,240,,
312,Micah Morris,Georgia,Sr,OL,23,4-Jun,330,,
313,Jaren Kanak,Oklahoma,Sr,TE,28,2-Jun,233,,
314,Marcus Allen,North Carolina,Sr,DB,18,2-Jun,190,,
315,Mason Reiger,Wisconsin,Sr,LB,39,5-Jun,248,,
316,Febechi Nwaiwu,Oklahoma,Sr,OL,24,4-Jun,326,,
317,Haynes King,Georgia Tech,Sr,QB,14,3-Jun,215,,
318,Enrique Cruz Jr.,Kansas,Sr,OL,25,6-Jun,320,,
319,Joe Fagnano,UConn,Sr,QB,15,4-Jun,225,,
320,Malik Benson,Oregon,Sr,WR,46,1-Jun,195,,
321,Jackie Marshall,Baylor,Sr,DL,34,3-Jun,306,,
322,Khalil Dinkins,Penn State,Sr,TE,29,4-Jun,252,,
323,Chris Hilton Jr.,LSU,Sr,WR,47,Jun-00,190,,
324,Drew Stevens,Iowa,Sr,K,1,1-Jun,205,,
325,Trey Smack,Florida,Sr,K,2,1-Jun,201,,
326,Dominic Zvada,Michigan,Sr,K,3,3-Jun,187,,
327,Brett Thorson,Georgia,Sr,P,1,2-Jun,235,,
328,Jack Stonehouse,Syracuse,Sr,P,2,1-Jun,215,,
329,Tommy Doman,Florida,Sr,P,3,4-Jun,218,,
330,Ryan Eckley,Michigan St.,Jr,P,4,2-Jun,207,,
,,,,,,,,,
,,,,,,,,,
,,,,,,,,,
,,,,,,,,,
,,,,,,,,,
,,,,,,,,,
,,,,,,,,,
,,,,,,,,,
,,,,,,,,,
,,,,,,,,,
,,,,,,,,,